1,NULL,Frank.Jones@greenvillage.com,7Me5NRbrcLz7RWb,[ROLE_CM],NULL,NULL,NULL,NULL,NULL,NULL
2,NULL,Orin_Marquardt@greenvillage.com,rM2VexCg4Z01m4M,[ROLE_CM],NULL,NULL,NULL,NULL,NULL,NULL
3,NULL,Peyton_Denesik@greenvillage.com,FtLVGEbVw6MTalG,[ROLE_CM],NULL,NULL,NULL,NULL,NULL,NULL
4,NULL,Suzanne_Ward79@greenvillage.com,xV2yMNacPQrivzz,[ROLE_CM],NULL,NULL,NULL,NULL,NULL,NULL
5,NULL,Jorge90@greenvillage.com,JAqjCXKzc9NvKJm,[ROLE_CM],NULL,NULL,NULL,NULL,NULL,NULL
6,NULL,Frank_Bartell73@greenvillage.com,8HLeD4K0nssniqp,[ROLE_CM],NULL,NULL,NULL,NULL,NULL,NULL
7,NULL,Casper.Beahan@greenvillage.com,QeBZkDisyCqdqqs,[ROLE_CM],NULL,NULL,NULL,NULL,NULL,NULL
8,NULL,Etha.Kuhn82@greenvillage.com,C2zSS19u80y8F9v,[ROLE_CM],NULL,NULL,NULL,NULL,NULL,NULL
9,NULL,Shaniya_Quigley@greenvillage.com,9xIa2HRHy2wgFGA,[ROLE_CM],NULL,NULL,NULL,NULL,NULL,NULL
10,NULL,Ruthe.Lang@greenvillage.com,_SXr8uqD9CU29Sf,[ROLE_CM],NULL,NULL,NULL,NULL,NULL,NULL
11,20614417,Gayle.Klein@gmail.com,LA905RtXLINXNhn,[ROLE_USER],+33489639251,1.7,7783 Bartell Plaza,285201,Muellermouth,9
12,39233178,Antonia_Schowalter@gmail.com,8CpLITiRR1ydIZs,[ROLE_USER],+33975374362,1.7,17572 Emery Circles,601300,North Odellland,10
13,72831361,Bryan.Schamberger@hotmail.com,p3FiTdPQjVvDvW3,[ROLE_USER],+33725914197,1.7,57282 Predovic Stravenue,974257,Lake Elsaburgh,10
14,17982237,Lucille.Romaguera45@gmail.com,pRqnC1sv2OPNePq,[ROLE_PRO],+33168435690,1.1,53793 Hahn Canyon,738035,Denton,1
15,18251883,Enrique19@hotmail.com,gZxbAqNUf964RwG,[ROLE_PRO],+33327969376,1.1,158 Herman Radial,848283,Goldenton,2
16,61804243,Daniel42@yahoo.com,LtAmp52_hP3oNo0,[ROLE_PRO],+33837447734,1.2,866 Kessler Forks,338195,Moenstad,3
17,37248993,Karla13@yahoo.com,NMyVtFKSGwZyuhD,[ROLE_PRO],+33129515785,1.3,79950 Veda Light,732134,Port Warren,4
18,90206310,Ora_Quigley34@gmail.com,uTif5Z1uQeAUhkV,[ROLE_PRO],+33057656275,1.3,96627 Jacobson Trafficway,007805,Josefort,5
19,00004567,Leona_Wilkinson@hotmail.com,w4SrDeoBJ1QraVV,[ROLE_PRO],+33468101315,1.2,31650 Luisa Vista,068150,Berylborough,6
20,89097093,Cedric_Paucek@gmail.com,GgzGsW4fVUXaI0b,[ROLE_USER],+33560568282,1.7,756 Madisen Underpass,100515,Warrentown,10